{"vanishing_points_gaussian_sphere": {"x": [0.13107919091388934, -0.05924003526327522, 0.989600355664531], "y": [0.9913618450591504, 0.0033366408789566784, -0.13111277202684024], "z": [0.004465184237795439, 0.9982381905385361, 0.0591656748467535]}, "nonfixated_points_in_view": [0, 1, 2, 1027, 5, 517, 1031, 520, 522, 1034, 526, 15, 1039, 19, 1043, 1045, 536, 1049, 539, 1023, 29, 541, 1056, 546, 37, 551, 41, 1066, 1067, 48, 1072, 1075, 52, 53, 54, 565, 1077, 1078, 1082, 59, 572, 61, 1086, 64, 1089, 66, 588, 1101, 1102, 1103, 81, 594, 596, 88, 89, 600, 603, 1112, 606, 95, 96, 1122, 99, 101, 107, 115, 627, 1141, 121, 633, 124, 125, 127, 129, 1155, 132, 644, 649, 650, 1162, 652, 1166, 657, 1171, 660, 1173, 150, 664, 1176, 156, 669, 159, 671, 674, 164, 677, 680, 681, 175, 688, 179, 186, 699, 701, 195, 710, 199, 715, 719, 210, 217, 218, 220, 734, 232, 747, 238, 250, 255, 767, 768, 259, 260, 773, 264, 784, 277, 279, 793, 794, 284, 798, 802, 810, 299, 301, 302, 308, 310, 311, 825, 829, 846, 847, 848, 856, 346, 350, 864, 868, 359, 360, 871, 365, 370, 888, 382, 384, 899, 910, 403, 404, 915, 919, 923, 426, 428, 952, 441, 447, 959, 965, 462, 974, 464, 978, 980, 474, 986, 994, 486, 487, 998, 491, 1003, 493, 1004, 1006, 498, 502, 503, 1018, 1019, 508, 509, 511], "point_pitch": -0.04108433326217131, "camera_rotation_from_original_to_final": [-0.029569515958428383, -0.06881355494260788, -2.6360020637512207], "camera_location": [-6.191483974456787, 4.649560928344727, 1.414849042892456], "camera_rotation_original": [1.5845003128051758, 0.01266331784427166, 0.9350636005401611], "view_id": 5, "point_location": [1.3095685243606567, 3.6557424068450928, 0.9663798213005066], "camera_distance": 7.579880283037506, "bounding_box_ranges": {"x": [-0.416909422720634, 6.691318439720847], "y": [-6.191483974456787, 1.5025687484376702], "z": [-0.03157793154430988, 2.986764926138477]}, "obliqueness_angle": 1.27849280834198, "resolution": 512, "point_uuid": "202", "point_normal": [-0.1649179458618164, 0.983929455280304, -0.06844611465930939], "camera_rotation_final": [1.5115954875946045, -0.004465199075639248, -1.702255129814148], "vanishing_points_image": {"x": [305.57393363980884, 278.4044835529295], "y": [433.7618583811084, 255.401704346047], "z": [256.87915152201356, 59.456570254025905]}, "camera_uuid": "be1883a10d632e0f806c4e4275e59081", "field_of_view_rads": 1.180512021910271, "room": "9be1cd563f04d329bc30a6918cfb1205"}