{"camera_uuid": "0002", "camera_distance": 3.9015608017375034, "skybox_img_path": "./img/high/0002_skybox1.jpg", "field_of_view_rads": 1.0934501795431415, "point_pitch": -0.05898646911117034, "nonfixated_points_in_view": [128, 2, 34, 4, 101, 104, 10, 43, 106, 109, 50, 84, 118, 56, 89, 122, 187, 92, 30, 127], "resolution": 512, "camera_rotation_final_quaternion": [0.01700924150645733, 0.016042295843362808, -0.6860259175300598, -0.7272013425827026], "point_normal": [0.011628305539488792, 0.9990652203559875, -0.04163578152656555], "camera_rotation_from_original_to_final": [-0.0016214610077440739, 0.058237165212631226, -1.564345121383667], "obliqueness_angle": 0.11570990830659866, "point_uuid": "47", "camera_rotation_original": [1.5707963705062866, -0.0007313161622732878, -1.5305500030517578], "skybox_img": 1, "point_location": [3.5851049423217773, -1.0848442316055298, -0.47409895062446594], "camera_location": [3.4030160903930664, 2.8058393001556396, -0.2469412088394165], "camera_rotation_final": [1.5125411748886108, -5.601336852123495e-06, -3.0948264598846436], "view_id": 25}